"V1","V2","V3","V4","V5","V6","V7","V8","V9","V10"
407.166813593358,801.798038906418,867.782489769161,560.203142999671,632.903453381732,765.223381039687,167.574557824992,330.797019787133,214.506044657901,419.931531162001
389.219908717413,796.115697326701,892.642621568876,569.814415286898,607.900603539937,753.123631671083,165.552316808132,335.895634868302,212.119962360889,418.917453945658
377.788074653262,780.095258695329,911.274510486516,550.598251218307,589.100235587837,753.17462786473,150.578338472729,334.277414743207,211.324738154023,415.14169087762
396.374420811647,794.738134288018,864.451307915866,556.115648299296,589.270704700037,752.159828256903,176.121360798954,325.245674628761,209.460420256061,426.917246160089
401.379709178046,811.602280732222,868.513867800703,576.368351130138,596.980748095201,771.005918583206,196.650817025854,325.334352956909,206.950440318373,424.457570273344
409.703399794307,822.704454552338,851.639789479651,579.452699717343,629.393053991209,753.155453103893,210.683248911047,333.707401491087,206.895217000961,419.569957381497
410.098284105938,838.898959999103,894.508953688825,566.778767602263,637.744942586659,760.798964902257,233.684375877784,335.087072892177,209.158004442013,419.598432677528
377.154248768482,829.618488813519,943.40870788918,548.826970285955,651.394190857376,769.878383021508,216.930024932685,335.411439740428,208.801861364325,418.284890905627
408.045606701552,845.339870116197,944.815102820399,547.224873823412,656.687905555882,769.475674159647,246.381072072154,333.955381634599,207.949345942645,399.516695271564
399.584785475822,836.90923750151,949.066896264516,542.06995183189,657.381238786264,773.04936065369,237.753046734904,321.782408600443,206.640158780829,402.697991801361
388.303388345114,830.532334515487,973.433805992943,547.97357984427,646.462271929218,768.999021929131,223.668185034817,325.732576302764,208.966455139455,394.905057882382
372.892102296678,833.350777770122,956.680509626016,546.084227663053,609.921656109285,766.23662395734,258.164174866555,328.345088971083,208.067274172718,392.16416009609
375.540596496244,814.498339834009,958.68053624523,524.667377336371,572.527288853639,740.916317062839,241.879793072937,328.17585352232,205.184094405388,391.46958073991
352.101813934032,807.226908047615,965.21069219516,523.317315087403,567.955792394364,727.994533212493,243.26114554527,332.896951986968,206.510677523357,382.344606097753
316.563740808151,802.012216657994,963.291530812,523.136764884857,556.219454139939,735.970465839817,249.81470947935,337.774354588753,205.57221240366,389.144689515816
326.399372758905,808.213176635705,1018.70891039422,526.227320616271,567.84329767248,733.977503572914,241.183735849845,340.452574949259,206.119266210854,381.691868607838
324.016399951806,821.081294072755,1007.10630481863,527.857140054849,576.676096609491,749.872119948394,284.96885648342,334.025146695584,202.433239682762,372.87376571806
326.298238736769,823.713423967361,1085.08871519621,515.747471053123,574.861989672277,733.174919154722,297.31662089256,339.092558646635,199.268294403365,354.179341279935
339.261946204139,835.442146253626,1064.91732430549,513.189157088133,575.08852917836,745.432459896057,327.071205980861,341.758676224798,197.380584411715,352.901117620779
335.164352572336,834.557614370063,1055.75312583163,498.575800337663,584.502695838349,739.274608928512,341.478524029026,338.304061559691,192.775036725948,360.281440685038
343.968959768647,839.49777941665,1034.35353623423,485.67021693499,591.566907588664,753.165818152124,356.861436791456,345.813127301826,190.229542753957,356.046162187658
363.879202532986,847.472713027269,1095.45653357519,457.18842286011,582.119853308595,758.852846974387,371.301400124945,340.002867443561,188.416061476761,363.691713061641
356.137523769053,839.147665905877,1120.42842962428,463.237694746907,563.962352208265,733.301495459305,369.902663271004,346.685537085921,185.567640930184,349.482563062031
372.370869587111,842.892249780882,1113.26399982979,472.82062969924,570.375759234345,752.130393985987,347.823864450852,351.901134942742,184.169179752876,347.881327246293
370.539515647715,846.742446996326,1111.99410423082,463.075071246001,567.074171482623,764.016877263066,378.316476754151,347.084582807009,184.704334668426,341.229907790353
387.938968488533,850.134705818315,1137.20689739697,460.196365839445,552.039507458048,756.321491218819,392.901667500765,342.540191030518,184.107618994906,336.793208432976
413.238653701253,857.596335959076,1193.5204721403,457.914776394227,551.236936788554,762.493997259906,383.546219321146,346.095477300135,182.744991685638,331.182859425798
415.711941309831,851.09525356297,1172.3536599611,452.493134151841,580.35742599589,761.876983555385,361.965735463473,339.353946855318,178.979978563099,331.08116099975
419.644295738207,847.946298510127,1147.08963648981,449.327068804499,581.853454359675,729.625966042024,359.563882319859,341.79818163095,180.320322934196,336.870406202197
410.358488014499,838.600800823633,1130.71180820202,422.066899402774,599.344911464059,726.186363282624,342.922687840174,347.397181518524,179.032810742572,340.096188268904
429.96427148211,827.115698397302,1076.04191327408,416.412097607822,586.882367683615,713.776513321818,317.969012997844,347.930319514851,175.752089361601,346.26927992035
419.077405224058,821.536468509582,1069.19071394489,428.088460740458,569.877405751794,709.147890682163,317.716647845573,348.602020699087,175.96781860953,337.970526831656
395.3995469712,820.862485577865,1078.18529700609,414.896694375553,583.27248287257,725.582876994756,316.408168916908,345.999684054991,177.660247715486,347.029545151948
404.492212965592,823.07292072443,1094.38902639365,422.544684002278,583.718077527482,725.532285930868,310.481175686797,342.673259002049,179.373097366158,342.097468321923
400.905675243592,814.11678474796,1052.44146339235,420.051623259621,570.772957517772,721.987828301849,300.809014013415,340.399321946228,182.7247282648,342.552323300218
407.112553961168,795.656574289351,1007.12761969622,410.319655993131,537.591751988395,727.851742512525,280.354891538552,340.333133128864,179.54627583191,336.476882056418
434.98208371375,800.171405535932,982.920320652039,423.202591353955,550.981872908835,738.970016067941,257.003046250707,343.542140444305,181.206900154603,336.370555343612
437.391609152896,799.415954799535,928.167116874348,440.964249419134,536.357592626196,753.908550440849,266.1156239713,331.443418482209,179.357619337422,341.749572051729
444.945666909959,800.326918752267,838.873906836007,443.235376268232,537.101828968697,754.680482474683,286.689274357642,323.070193089023,176.305240566585,357.674232549311
436.265052911186,791.300863908333,761.503660642506,438.075399616554,517.886580792434,752.353236366118,303.463555302702,320.357723587404,173.458929344129,367.249103043349
458.593134873725,795.475764696512,705.429702651719,432.132070442309,511.493734454679,756.409792046641,320.606569629421,330.818832843465,175.175086904537,364.097933325519
445.546153221762,795.629637634672,683.83747530389,427.814853330352,514.507104433769,756.782756046184,341.528362650002,328.832082688854,177.194144577442,361.778036945644
442.619385010095,799.129454253522,751.664780821753,413.856166680857,493.611723741952,761.002494987276,344.610047736382,331.764157136459,176.595741848213,361.804632517469
406.17736897107,765.410208099521,673.506545739589,387.664479117671,457.973987064739,751.908171377265,341.070659942019,325.596310926907,174.695935172179,359.493800521983
383.380671748921,757.174717608183,730.587806049578,384.185454204665,466.847121015881,754.809927800617,303.37013541765,321.014308296234,172.538775480399,358.499210632589
366.460690567651,750.874315902053,745.268397210271,404.116945113828,480.888793840284,738.261841160566,279.877261320609,311.463359786356,172.130786301902,358.023713394753
363.171017118697,743.812884179168,746.894701152874,414.545783895927,470.388003302151,732.905777036025,274.069827869628,299.471517716977,172.674528241477,351.412283391222
326.617021239658,726.967880905235,749.916002279187,416.244974593546,465.377529113297,704.398216583644,256.311378507174,294.985661476414,171.302026276108,360.534332346748
317.06894401068,717.028854407598,746.517530674984,436.295256973821,447.153418755184,712.7391600842,228.638786683682,300.678539170855,167.770242546247,360.228025508516
341.564790857266,717.811496116255,777.214153445529,453.115113818791,416.450381290465,702.292160849482,224.056201561583,303.061464668744,165.724725419431,346.008405106836
377.157690466762,728.770961980862,760.129065537106,463.575100725437,420.040198953836,721.275600799478,231.853082446731,285.576286290389,164.403137036085,355.462635507773
380.613033002308,739.298418273951,741.61675766683,465.631853559446,437.850920604507,743.609426422135,253.473871809645,282.769290157522,163.050777805973,352.690590040752
405.616915181009,737.885920536814,722.047269883592,464.48550839408,436.609727366221,733.884585923138,249.654666358675,276.825599829386,162.325138731384,353.540756821159
413.608288919326,752.302172561691,701.781713835964,464.071911261081,478.042232989089,726.879611743334,262.433120650435,290.15434403433,164.12077355635,349.773665451767
383.711411772162,746.311592021059,678.406623955133,467.853280213873,496.360134067545,710.501767699082,256.153428703343,297.030894011064,162.96356555332,355.813993357323
391.968326454105,745.165044236984,702.95563882814,468.704532200831,482.487915971619,697.517031035229,245.785754095565,307.104682500668,159.37746637766,356.325471770191
395.315461368217,745.579023154879,674.967310824979,478.666097104229,484.523004427519,716.353088734936,244.659723122422,308.064921403971,158.742665464816,352.490608925193
395.798345063076,749.324777372334,679.095510367067,454.402393151403,491.729922372794,727.206140001901,253.638026656866,310.197758769837,156.648690498221,362.40054864649
400.641033447374,751.969182757631,666.765889040283,451.586523027122,520.020931821897,724.213428064989,246.199689655797,309.475508043992,158.127871472594,366.993260154134
377.770760580041,760.792958579915,698.632404915471,445.316567583072,523.667824992241,715.878625865014,269.355219238282,318.221211154097,158.303537949159,370.610766628627
394.671776304387,760.91078322475,665.431639581747,434.71674688033,545.961652909066,717.09819769036,278.110386368029,312.673720176798,155.569803933956,365.385875416144
399.562316081623,766.886174231826,724.608538617813,432.9909825389,532.534886559417,704.618705145641,264.84381389604,319.113846096409,157.401001629018,376.586848163942
379.539850002553,758.823040197884,671.400705376845,433.634126299187,521.347656468955,708.523881678592,296.224009783522,309.325686263107,153.789520463526,368.311467204327
392.88733822237,772.730293542866,684.784675329821,430.284600986582,579.423173490999,711.79373109002,298.566489469898,314.896643545844,151.072142931233,365.847686699137
396.165322718515,770.641496515331,703.621009960563,419.007282240579,583.532721407935,697.053286388465,292.851714863187,314.17233789884,151.965718948269,364.081669094234
411.000227611189,769.981906865914,693.973668831393,431.205168376599,612.444190227667,708.274352720935,264.19150588656,309.770675432409,156.437698794652,348.155121348107
407.182367177892,780.882354855015,698.067048253071,443.786553251783,649.126754848729,697.867760667739,275.441186373361,310.056975535052,153.61896088131,358.925066153574
407.341501750785,774.823081056261,706.202830234102,447.132647139705,646.156449725753,690.869703461664,264.494033327839,304.482943872606,152.097359293189,356.344053206632
374.912173046939,775.43338596529,677.911550311393,443.386927509425,637.840672804268,693.680182362208,304.543342945212,306.699668785792,155.145157714075,343.944609349448
362.919136763889,775.197448475009,728.600570332451,453.170328504445,620.393664018492,683.280106685527,295.45168548144,301.821580661601,158.894262417747,342.689993608663
338.581016959508,774.645645303482,730.701041398712,450.114224087765,644.951835501873,674.590434270289,309.95266192911,298.087660622801,155.995885340566,349.263097770038
366.870111938806,784.096638648389,794.032989047124,439.681784358303,613.574057235988,658.989078544003,319.033973279633,294.994010829837,153.248072552365,360.868642628365
372.708284644544,783.09100694964,806.205673827754,426.263137328663,594.45281484445,639.399794740845,328.742145721581,294.731440833331,156.784456405309,359.427502966381
364.661516328332,787.768861978823,817.937814698573,427.1856937694,605.478721773881,642.256253651356,320.537858024653,296.276611866648,159.721036754067,372.584032261398
340.272406586217,776.859206623059,823.760942595665,427.880118779816,579.710185552473,639.942272328685,311.801827921426,300.006486058175,161.509550609294,366.297290339428
352.342705157509,793.827324253129,878.599174057676,440.225127430522,579.378223260627,627.976642328102,332.734583175684,296.802866661676,163.228675774321,372.836849050584
341.836525136472,784.328840488624,887.069233534183,435.268637596753,555.859903904964,630.312245277919,343.039400235789,290.98670391062,164.683771957415,350.590564022508
350.616680922836,777.075451314625,832.49081982661,428.900401678839,572.990461367059,631.302722321588,334.057632398036,291.652812433548,165.191155340072,335.046870105806
356.761378372519,756.792239113145,810.95239571332,412.806683122638,560.539363947317,610.617126939753,288.396787157975,291.634536388764,164.04834653249,338.100838302225
361.802719629151,766.485220276218,821.584228257901,412.48488076312,574.170947930318,591.967319283951,293.126816552974,297.867454385868,164.57826076145,356.368556989025
347.743359239372,759.999839660295,837.839687789077,413.895097934164,549.006501482197,589.616883504651,294.081184556425,298.629554987096,163.123045461839,352.922415906208
346.551289641142,755.863299087951,838.92961601775,410.94478867214,539.317467388348,595.478258144027,291.187382712531,291.090376226947,163.983578804083,352.141736076373
320.882049933693,735.39606218111,781.867243854868,400.128686583738,556.430986518734,581.82651668275,268.903010985232,291.63236992029,164.529784111927,347.647502086209
351.292118803551,740.190769537009,757.757659707462,404.154147401304,574.480873042768,585.964173439051,248.621506386751,296.620262190624,166.816822761374,344.015791698982
356.393501996087,744.385460910709,725.72065136345,417.719817280082,588.616309848502,569.941614548838,258.247947686546,302.304830132391,167.795277546567,338.574798222356
341.760082712375,740.346575991052,705.272369046365,429.548785386356,573.92144791797,566.133415173712,284.833655390807,294.3705993404,165.8066050844,324.653983643796
331.673115737869,735.25923838149,689.286136223518,416.403211857081,590.642549098869,567.906255933016,285.816319450314,296.987288222775,164.094469444726,320.32355250176
351.000072751371,737.915410443716,701.392538059265,421.65948792434,594.067190894481,564.673147859575,265.337916784173,295.676104246636,161.191267947719,332.40172402868
358.51781100115,727.097451270815,664.752142051422,401.998569410884,584.618189670797,563.143230079556,268.045104945198,293.373829333487,158.566507889925,325.085449840102
388.247594686223,739.732864868736,687.882556183467,391.847308047351,567.914846542901,563.883862930218,276.61197562157,295.033778761942,159.912485977667,339.741054079308
381.931671554722,735.75688223975,706.679066005869,400.24776727054,578.166427805317,556.877544253923,269.363202299721,290.0882652276,159.064715159399,326.754081218323
379.939071535355,743.690375768022,775.090635902851,406.95886143025,566.249781951951,563.148737668782,268.085469267589,290.297458163708,159.637119317706,326.251257718287
369.338616200904,731.87880958344,818.919670088516,402.038542387151,578.838172329074,554.339272994205,239.068995757179,285.007987348894,158.468130111625,315.711443395746
354.376167935552,742.598983430922,833.108061524281,410.397379827081,600.688817558829,542.994682810661,257.03367823748,285.857360860535,163.0865833318,318.764015996656
340.517448674305,739.306817936092,845.106321473383,413.812947249201,566.547011565461,545.812436395434,269.8821718685,281.595388742643,162.273620880294,318.138739547941
318.683158551801,721.43183151409,873.633117396734,408.22850201508,534.745325551057,549.734432008992,256.164131426873,284.395192451138,163.082110478862,289.859422404596
329.907343977383,714.473937555881,877.486403006955,402.385574710498,517.004361016302,559.91823487535,246.869038929372,280.176321963495,157.78660663512,285.837278657605
363.2094001231,722.577333062365,856.891905331356,401.785621158676,515.126798531577,558.6223927779,249.147169116233,282.295136244048,155.380893367374,294.553929618981
369.599327609795,725.28564095299,915.073079476015,401.743986849846,513.228229513805,550.336538783799,242.046221060834,282.221063772142,156.143237656771,291.820839183552
369.150600103168,720.610864287694,934.122789434107,409.302891700309,513.690808622938,554.883508545168,229.903605226384,283.677130077072,154.885775937979,276.491287325481
354.880129466409,723.280894509608,949.255273753027,416.784419465605,514.290097836719,564.289139337147,239.538119200584,274.952014679608,156.466430643553,275.953282667925
353.610840750314,724.35575018436,945.967959012854,417.34273773202,518.381003825956,553.88774307334,242.678685281519,267.426042699727,157.626210088304,285.998493221945
343.329022409245,731.466658778041,1013.62661978683,411.100402533669,536.016111455095,566.576110893896,240.309923443326,268.489440930377,157.494448522795,289.017381119196
341.534071794746,728.399625827937,994.179842720218,416.572529874931,521.254814793169,545.568851062819,263.85350501037,272.926990143028,153.993197771137,273.327614512682
360.738892454544,731.09146177382,870.053578486207,423.691798048486,524.876612006537,554.712969993059,275.261441820346,280.644555282118,150.515836267881,276.64885438556
387.878568831178,745.759246736431,875.340268897325,459.956253577217,534.952583135134,542.406376530068,272.216073521884,279.047226452102,149.02355893588,288.633995068501
386.534118763993,740.925192906585,864.922792650596,469.639545773586,526.720570159217,544.105602932574,252.263535860511,275.654522145988,147.642613232439,301.031723481691
373.133241098492,745.66579767122,876.31851743937,475.036544001689,522.002415737603,554.861953831794,260.101571152027,284.562769932872,146.201638309195,301.979134307752
362.129513097838,749.941984782573,850.938631895057,473.86492232065,527.180074957729,585.704026962594,285.636231739823,277.383841879355,147.558155260494,291.350853781575
373.071854538805,759.104825765639,892.439889179229,463.962801013592,509.872762036795,560.804527266443,300.569311639786,285.034067578539,146.259324124046,307.711819959558
391.37901868639,775.152254680678,879.419298555563,465.537047513075,523.307950440606,558.235955315849,318.940675596107,295.892608474248,145.194423237523,319.613610568296
379.510957495102,775.760904214337,843.194479998143,469.071026736431,509.722016269458,538.095603785957,359.806842323803,289.307514292701,150.078620842887,317.54134255317
363.333381940293,774.70554395816,826.500066865526,474.298326976575,499.75636765768,557.779810096773,379.454221195069,293.208923115028,146.640843303107,310.18214456781
387.155114405473,775.735431286095,885.781551266294,475.164787554954,487.228205598812,555.488383939944,352.621022046132,287.593380886605,143.433815318042,314.450639977615
397.867206975984,778.270841546912,908.674840491782,477.543294166253,468.519168317744,534.499996189212,375.103442482374,290.461311109839,143.311486950963,306.338167413105
404.466698395169,788.057529225373,906.035539464631,470.248456149444,487.10005257617,545.407401915578,393.815241051284,297.669819720108,142.008244303127,302.997190533499
401.201622996352,788.56622331803,942.442449012259,478.966055058428,450.96785599754,537.247931105119,403.638304630143,287.848000585291,143.313616171947,316.074481799975
400.143481370267,790.714619032454,896.897681728586,471.678180429229,467.798612292428,527.963781505662,402.143618017076,293.598365604588,145.436996584104,328.58111991662
401.201801091151,784.100665688758,842.747736366783,462.496652598333,496.272327026801,509.235044190076,384.348336138711,292.007906345611,148.863366556067,329.445257560119
401.188172192948,802.108806265158,880.247499348202,485.895772609978,538.005607180582,497.622135247885,391.788112574078,288.847361926695,149.138110005713,342.615024693452
393.731932009958,810.217594762062,850.587850660838,480.955176529711,545.224421328121,517.249435133615,420.995982988939,283.234333434495,149.303518997119,357.808441152201
393.510668366422,808.786139110827,842.401334141331,476.079560898601,588.013001676455,516.313605868985,399.292120353659,284.077472090105,148.987035711224,350.097666290054
375.287325457397,815.197056060956,851.788849296289,485.010538608281,585.463436807345,523.528076490762,383.517015598586,302.092738613371,152.654181455704,360.455563448273
393.450083530237,824.008301916285,806.819221609263,480.182562713433,621.665341856284,534.88043582979,391.413872988928,306.140310608046,152.652957904149,358.339813078086
427.916653966746,836.475660681007,811.355701590849,492.250690070515,635.203863995807,526.053882612143,398.887720953559,300.751796546332,150.723959583735,366.82632637976
424.954648405046,835.55863330675,778.670132628985,491.995604584777,623.03487558369,515.374035393865,419.052527831838,305.865137324031,148.519887327492,375.77203626026
405.178057038228,834.022114364388,770.277832024792,485.530898368688,622.278946527834,516.47321212105,431.181323886558,301.379972607599,151.975172865574,381.57456650595
376.103702555072,836.322381384721,784.244910791779,493.161076903668,644.232750958272,515.772093578221,433.630305276016,300.059599499501,157.434360838465,378.365273886843
387.97709860179,845.161533510976,814.328636231313,501.812531269866,632.456598653899,521.975876192076,456.850301465376,292.77524627314,155.818202432917,376.433511993308
367.692080512006,842.743695869491,810.684810517555,512.32170985818,655.335743596977,513.911082884453,453.348583925022,288.232597125883,158.387797078556,374.940684956183
384.505072939246,831.889333417128,774.817960599763,518.012716791189,627.566615742712,518.462523727346,427.181396950307,292.379331012444,156.844548589535,359.224845341847
384.392259605586,834.672534313682,769.552597063286,513.763590790866,677.458877106306,513.786679230187,419.731502848557,291.236723994362,156.182498607288,359.400400715302
357.746945258428,830.615172742653,806.517711195855,509.956989869844,681.291829583047,520.790441391009,398.010061409386,292.073339485075,155.541187218543,366.09903910308
342.766968299519,818.0510142877,741.456311823146,524.445314019632,668.76881384492,525.373652584345,395.566083769723,288.991471813939,154.792862965062,362.100823642206
337.93379556616,804.142976356714,685.947032507981,517.736180181218,657.132080229497,511.238686559413,397.350524331491,285.882643765812,157.340354811243,355.886961509211
338.64273283042,816.643678693191,705.594871052803,522.816788030408,664.484439280869,518.878525014232,407.168884632458,286.097177785374,160.58379947132,365.54839329714
346.801684893644,827.06152027327,765.110222458913,513.231088176809,664.259243890317,547.859563595731,400.983707523938,287.068352299852,156.102965744242,368.798543606046
330.316853073636,824.282900109317,767.300527410976,499.970498807848,692.044869108984,557.986875918315,397.169439819155,286.574904945338,154.810487011737,368.602372524531
354.284696310479,824.655076487818,761.938189966061,497.069506297024,682.05781769655,565.398334631956,376.418472066603,295.653275297538,152.766172375658,360.941578327884
361.684652937154,832.369356923796,778.065452136239,501.631463542032,698.212662303625,544.797486158658,384.803387189062,302.69388713347,152.650817848076,361.077484459368
359.135238182174,833.554110866672,743.251537054869,499.018492583044,707.037662200474,548.293140938228,396.3544036271,310.331826144552,152.00950783001,360.971384554535
351.023957573817,822.061718649707,709.317416426918,511.564278400767,683.143801634877,541.077738451743,379.07206676771,313.967568828032,152.078015973591,360.035380454516
339.611382234215,820.129317520941,772.029952772165,496.479805089715,688.287532897525,544.327951290431,354.840885730529,324.754883609934,150.920852395296,351.418829451813
312.746612397932,813.874592680467,800.135122065357,486.519656500386,718.501958718866,548.034096770403,357.232233374511,316.725102512113,149.083478377103,342.133425036783
331.670538156949,821.702968275724,802.227767609331,479.855689837296,745.071864467452,538.465007816138,354.552519854431,316.051326743704,147.547279595141,354.982244470555
338.244967179668,835.054711200241,910.194907446208,466.452171253521,751.034427961416,530.788217414692,361.68032993428,316.234665377848,148.861894842475,353.713703328871
321.426678040173,828.168824551098,884.049785579599,463.058705668903,724.654541599913,543.130168694747,387.261914150821,309.461796721767,147.834828541253,346.981550458073
346.848215544626,835.462203878986,895.563883524204,477.002645660577,730.390953267251,545.493344889401,387.0076835845,311.784083604551,144.560599973449,333.125208397706
340.972249284707,837.288663307105,937.264517821258,464.550934672354,721.095381032403,542.458338651122,409.884529125644,304.82836186926,145.057700435904,331.19517193008
347.671167246737,850.908379451546,972.949319535465,487.722821848667,734.905267645382,530.449315310894,431.176265507787,311.047562936592,141.85306762844,328.38962627643
360.658623159269,850.802564797093,980.730308473047,486.933308424967,747.944173490539,530.453710342812,429.284023774331,313.682452349045,139.1111053089,312.838157214372
390.430058184258,848.732877827016,978.621262734467,490.336939237867,713.800879165633,536.50615555913,404.356450801335,316.188172744898,137.61236994991,308.399743494443
395.141255252722,853.262017269786,970.730265758975,481.051257525819,736.38290567538,542.336231051451,414.246709034859,321.961787165126,135.802845462488,305.589696180032
416.14542497495,859.738760557188,1018.67260684837,485.671433933931,730.576312040251,531.389318721322,418.085822831256,323.546344965014,133.3065551798,302.053791068085
408.231244371996,860.417669938333,1111.63724752646,485.797625576713,740.941529967649,516.214743963204,390.109031781865,326.175593576063,130.96611643356,309.701792111762
411.043756129501,855.430751815246,1153.07107300891,482.644417484395,735.148502452681,517.029960600396,363.858885293309,319.853987153446,131.783499379451,308.721108336908
408.22521426244,847.958167419214,1197.54338727916,471.569475252976,744.766135983569,510.381528719636,352.582350495191,311.76487889286,133.436081981116,295.178549291058
420.773981187366,851.73880093763,1174.45467332233,481.964350180006,737.169454687581,528.059513269918,363.162868077548,309.739372798463,129.679794915949,291.28979017344
398.346407755615,845.003353766039,1172.46238049596,493.404820185502,743.035181007732,525.685285612529,341.60721927362,308.536509736837,133.992536520244,287.389425491748
404.911137532141,840.533257769802,1212.95278613703,495.639627796118,750.497388651386,502.753889611853,336.639075298027,307.763859858686,135.247367895497,269.602223701599
422.085441209825,834.924047798074,1227.25958479673,498.62661834058,746.216284978687,495.35029988966,302.271976270903,302.232763556372,136.953760054327,271.645066441046
411.562736897946,839.809839207616,1270.55897776901,504.906034014995,732.618743978161,498.535956716528,311.581098393583,299.048946410629,134.337303053108,282.607082306266
444.069908564987,840.438133865658,1276.65020387962,479.632449616576,699.646452780536,496.469675797598,328.834716217115,297.105733269077,130.043761311332,284.089541095699
440.062471160737,846.043213648599,1332.84995513532,495.602102943064,709.421821980979,481.747236820144,319.447525358874,300.233330744664,130.365249854037,290.612456678527
428.671530405787,848.73784279333,1352.59464364096,503.283471791604,691.757984946878,498.775558088796,324.708055815462,304.733589833937,134.115135912475,277.118547419131
421.263145950831,842.229332252858,1419.03739019662,512.97023271963,689.908056505978,496.307781714303,304.523067937857,303.441613030281,131.417412519301,269.923604136697
439.354555523025,842.263195992394,1503.06134225836,483.327275475478,698.702825986657,479.730122267308,313.591366780103,292.241972047321,132.767316765462,262.771593131035
438.251092756152,849.276667950104,1495.7490263089,501.700458760835,691.420551735325,486.004482454221,356.590781442194,291.100950516361,126.785990783707,250.548747721886
453.780428055607,858.145525099362,1525.04425497088,502.425693568549,674.798788298993,495.903829045926,367.021330945853,293.47748665154,125.426285599977,254.181805969719
448.346125418984,862.308050405671,1525.6720757532,491.226173867058,693.083150215902,488.565426768022,358.852412230676,304.862208964638,126.111822284198,265.165384386146
442.085216349085,856.073324807996,1500.43892087792,481.039032392654,654.171043396781,496.503157758487,359.686207531948,310.25767658058,128.336856768337,262.089669232472
426.987999555487,851.394074294933,1481.03817746263,488.877262397658,653.441047630884,488.718645143718,358.415242500067,314.479917158503,124.760160775018,266.330561038797
435.437028753718,850.010324764852,1473.18607393202,481.136977608565,657.714588950441,506.63152864934,346.077029878339,316.651464615476,124.354887525068,259.484349821631
452.150473132365,850.205817484536,1450.05923847357,483.609928511068,643.659990580016,513.070522474348,371.323857224986,305.947565383518,119.726341409102,254.548251542351
453.592814475889,832.896693277793,1368.39176092435,468.218506297183,632.230614080367,509.815402579497,351.011751845358,301.327914952874,118.848391152935,255.302502838223
431.473082448471,835.816275273556,1400.21460423605,466.949243229297,646.687169205299,507.307525710701,340.03660817081,301.930298873642,120.376462082927,270.169483464494
423.418741078511,832.464518525853,1478.82765409699,466.888431378505,627.757070846911,519.036447784044,328.108598929193,300.781273169695,120.710709247858,261.746219038593
428.858613664464,844.704156740349,1476.95411278941,472.377861927599,642.411317117443,519.99641415795,340.708900490728,299.059028964815,125.257207349497,265.267569549661
447.751621467988,847.333918955002,1514.66705818492,471.963135105079,640.910130224511,514.360612695955,342.335132930612,296.213752837989,122.242924825141,265.609589960836
426.954184288111,846.278137780887,1454.51862939429,468.142095141499,610.712391811013,525.611404488492,353.810426187721,309.476522815024,122.017513879484,274.06497628918
429.876706540506,841.121150688021,1462.14740761423,454.740280462992,578.334214533774,522.961555313375,346.073055067143,315.31762990886,125.622552901117,272.201883503686
415.85508524483,839.817238986579,1422.1003677355,445.701170248594,589.131864858474,543.52571880113,350.431363025294,319.436240929169,127.286232566564,263.774781197945
420.194415557802,843.415960860639,1427.33060052387,437.021410756242,596.777104083469,535.493076532017,339.763238877296,321.07791744933,130.241786984181,276.38675401119
398.877000699089,855.904795585286,1426.75331618992,442.916184891485,609.731386586283,558.673571694932,371.66816600631,324.405770182394,128.909744150182,279.670065488394
396.754911218177,843.978964337143,1364.81102858227,435.400943531991,610.45146981416,548.90549338193,348.700906987873,328.882978525812,130.572769567967,277.347917250455
377.015425387069,838.662735116302,1359.54504864845,422.263123865038,607.154097725525,552.195863121456,325.592459441044,347.99498557626,129.727893236964,288.755135159882
348.197545119757,828.864798464137,1374.54911203847,434.767354069364,600.753893766425,554.443628056313,308.642277271288,349.555050097803,128.537712495162,286.983548998577
352.224707966657,827.83904035473,1341.71737105743,397.376419984726,596.524039498972,575.702953748451,314.63482363899,347.184555979717,131.030331472662,293.829502480017
344.366775700765,822.321770677922,1371.02977676527,393.729207980323,572.738456377422,571.588853458351,310.183663875746,341.16272792486,131.443001128143,301.18140920813
345.52047468894,827.929159758623,1342.2161708743,395.887002597692,595.51016519605,595.609212072426,313.683105250138,338.045514186695,128.936116674742,303.801748291749
346.527895989946,850.258876507388,1386.04483013597,421.017426901391,595.621943248467,605.257104709271,342.308288281921,342.355212366402,131.863787546138,303.981078702176
343.988965606058,849.273232746111,1385.35372023022,408.957936455997,593.36282626089,607.005695751618,342.753137059302,334.433001547097,133.524164128847,314.981866708268
348.969228622305,859.173779829837,1402.25132771852,407.904933531551,587.220498965351,607.343122477724,351.965981491194,332.475183592913,138.136404210523,326.021112133426
366.782703748591,855.533861985112,1370.79919225541,386.454219489574,568.821589693018,603.552760100509,370.825639687314,325.141057693517,136.111577406321,328.156282246323
382.396676051725,866.16585408435,1414.95722221769,372.86955667004,562.538549786373,611.935671084824,377.648984199761,326.755302464176,136.004186152246,343.512277720844
389.742703900104,873.452920751962,1473.52263236126,370.978406354844,563.001625244576,622.767307574075,379.34324976856,333.180408980128,133.113103676187,343.090475842018
378.21586154085,874.017039851146,1519.07737505698,374.709930802557,565.656243937473,635.653806870233,379.544732291854,329.791849635538,131.409780344223,340.154258726944
384.869119988589,871.874691671924,1558.41295962232,380.614332443362,547.29645476993,621.228318100422,368.834961572932,338.450583597326,131.569580528858,331.512463051498
389.143409817342,865.544288330264,1486.45525054938,379.994065028076,549.397961551417,611.294636896441,353.105717989839,338.648752497826,133.68801368193,334.648900639753
397.548009441725,867.482475839213,1515.85893681511,377.787007663037,540.286950338366,628.010698431338,355.564184864773,340.176127991772,129.019670885025,333.734689418898
17.6745521840121,32.8858919775182,33.3034579335852,20.6175062725444,26.7811372182695,31.8814826520647,25.6222868282967,16.6635926590942,57.0121681736105,39.9221619694537
